antibiotic,accuracy,f1,roc_auc,n_train,n_test
amoxicillin/clavulanic acid,0.7360178970917226,0.4354066985645933,0.6827749433106576,3574,894
ampicillin,0.7166666666666667,0.7091757387247278,0.7897491353534973,5276,1320
cefotaxime,0.873779113448535,0.5254237288135594,0.8376436147520485,5322,1331
ceftazidime,0.9027397260273973,0.572289156626506,0.878020274205481,5836,1460
cefuroxime,0.8817204301075269,0.3373493975903614,0.7260924462011419,3720,930
ciprofloxacin,0.8306772908366534,0.5714285714285714,0.8184660250801984,6021,1506
gentamicin,0.8896146309601568,0.36704119850187267,0.7727542459586658,6124,1531
piperacillin/tazobactam,0.9548238897396631,0.5815602836879432,0.8574251033057853,5224,1306
trimethoprim/sulfamethoxazole,0.7461077844311377,0.5411255411255411,0.689580452706509,3338,835
