antibiotic,accuracy,f1,roc_auc,n_train,n_test
amoxicillin/clavulanic acid,0.8064876957494407,0.7240829346092504,0.8857057823129253,3574,894
ampicillin,0.8598484848484849,0.8714384989576095,0.9107047454799373,5276,1320
cefotaxime,0.9188580015026296,0.8029197080291971,0.9761114053282729,5322,1331
ceftazidime,0.9328307059629883,0.7923728813559322,0.9786342532172208,5835,1459
cefuroxime,0.9139784946236559,0.7241379310344828,0.9178652466695945,3720,930
ciprofloxacin,0.8745019920318725,0.7646326276463262,0.910554680664917,6020,1506
gentamicin,0.8523840627041149,0.5551181102362205,0.893840802128095,6124,1531
piperacillin/tazobactam,0.903448275862069,0.5743243243243243,0.950863316790736,5220,1305
trimethoprim/sulfamethoxazole,0.7688622754491018,0.7132243684992571,0.8360603267270957,3338,835
