antibiotic,accuracy,f1,roc_auc,n_train,n_test
amoxicillin/clavulanic acid,0.8031319910514542,0.7161290322580646,0.8621230158730158,3574,894
ampicillin,0.8242424242424242,0.8361581920903954,0.869378626125915,5276,1320
cefotaxime,0.9203606311044328,0.8086642599277978,0.9732538211453874,5322,1331
ceftazidime,0.9280328992460589,0.7878787878787878,0.9736966993332226,5835,1459
cefuroxime,0.9225806451612903,0.7446808510638298,0.9268911945542381,3720,930
ciprofloxacin,0.8426294820717132,0.7120291616038882,0.886036745406824,6020,1506
gentamicin,0.8033964728935337,0.5152979066022544,0.9166114180478823,6124,1531
piperacillin/tazobactam,0.8727969348659004,0.49390243902439024,0.9327483112765371,5220,1305
trimethoprim/sulfamethoxazole,0.7772455089820359,0.7264705882352941,0.8575978132841706,3338,835
