antibiotic,accuracy,f1,roc_auc,n_train,n_test
amoxicillin/clavulanic acid,0.727069351230425,0.46255506607929514,0.6685770975056688,3574,894
ampicillin,0.7068181818181818,0.6988326848249027,0.7758690986118792,5276,1320
cefotaxime,0.7978963185574756,0.5979073243647235,0.8543183723906617,5322,1331
ceftazidime,0.7904109589041096,0.5127388535031847,0.8627614947504288,5836,1460
cefuroxime,0.710752688172043,0.3700234192037471,0.7268472771190162,3720,930
ciprofloxacin,0.7622841965471447,0.5968468468468469,0.8154319043452901,6021,1506
gentamicin,0.7550620509470934,0.38825448613376834,0.7796992019643952,6124,1531
piperacillin/tazobactam,0.9249617151607963,0.4787234042553192,0.8290418388429752,5224,1306
trimethoprim/sulfamethoxazole,0.7413173652694611,0.5178571428571429,0.6976334050289342,3338,835
