antibiotic,accuracy,f1,roc_auc,n_train,n_test
amoxicillin/clavulanic acid,0.7136465324384788,0.4260089686098655,0.6548809523809525,3574,894
ampicillin,0.703030303030303,0.69375,0.761700846369422,5276,1320
cefotaxime,0.797145003756574,0.5958083832335329,0.8476543536784502,5322,1331
ceftazidime,0.7938356164383562,0.5168539325842697,0.8531910623494782,5836,1460
cefuroxime,0.6419354838709678,0.3705103969754253,0.7207720319133363,3720,930
ciprofloxacin,0.7270916334661355,0.573208722741433,0.8100390784485271,6021,1506
gentamicin,0.736773350751143,0.37712519319938176,0.7607120933087784,6124,1531
piperacillin/tazobactam,0.7289433384379785,0.292,0.8332730716253444,5224,1306
trimethoprim/sulfamethoxazole,0.7401197604790419,0.5251641137855579,0.6923714600297025,3338,835
