antibiotic,accuracy,f1,roc_auc,n_train,n_test
amoxicillin/clavulanic acid,0.7225950782997763,0.45614035087719296,0.6782057823129252,3574,894
ampicillin,0.7166666666666667,0.7091757387247278,0.7888212220337235,5276,1320
cefotaxime,0.7746055597295267,0.5689655172413793,0.8431086985303855,5322,1331
ceftazidime,0.7780821917808219,0.509090909090909,0.8783075445859373,5836,1460
cefuroxime,0.6516129032258065,0.3671875,0.7263120333772507,3720,930
ciprofloxacin,0.7675962815405046,0.6076233183856502,0.8189419655876349,6021,1506
gentamicin,0.728282168517309,0.36585365853658536,0.7653550235318192,6124,1531
piperacillin/tazobactam,0.9226646248085758,0.5120772946859904,0.8554020316804408,5224,1306
trimethoprim/sulfamethoxazole,0.7437125748502994,0.5446808510638298,0.6872375428893328,3338,835
