antibiotic,accuracy,f1,roc_auc,n_train,n_test
amoxicillin/clavulanic acid,0.843400447427293,0.7416974169741697,0.8843849206349207,3574,894
ampicillin,0.8590909090909091,0.8708333333333333,0.9105278327131624,5276,1320
cefotaxime,0.9444027047332832,0.8370044052863436,0.9706224164055489,5322,1331
ceftazidime,0.9547635366689513,0.835,0.9853989195516852,5835,1459
cefuroxime,0.9505376344086022,0.8050847457627118,0.9147178304787001,3720,930
ciprofloxacin,0.8778220451527224,0.7513513513513513,0.912880723242928,6020,1506
gentamicin,0.9013716525146963,0.5817174515235457,0.8973910374462861,6124,1531
piperacillin/tazobactam,0.9655172413793104,0.7204968944099379,0.9541158326440585,5220,1305
trimethoprim/sulfamethoxazole,0.7604790419161677,0.6655518394648829,0.8456976238029394,3338,835
