antibiotic,accuracy,f1,roc_auc,n_train,n_test
amoxicillin/clavulanic acid,0.8131991051454138,0.719327731092437,0.8484778911564625,3574,894
ampicillin,0.8537878787878788,0.8651292802236199,0.8967122343965284,5276,1320
cefotaxime,0.9030803906836965,0.7724867724867724,0.9561837091957573,5322,1331
ceftazidime,0.9273474982864977,0.7862903225806451,0.9747882210568779,5835,1459
cefuroxime,0.9225806451612903,0.7583892617449665,0.9403363343580736,3720,930
ciprofloxacin,0.8439575033200531,0.7080745341614907,0.8771081948089822,6020,1506
gentamicin,0.8020901371652515,0.4975124378109453,0.8779987722529159,6124,1531
piperacillin/tazobactam,0.8750957854406131,0.5191740412979351,0.9482225323959195,5220,1305
trimethoprim/sulfamethoxazole,0.7628742514970059,0.7130434782608696,0.8344887847595638,3338,835
