antibiotic,accuracy,f1,roc_auc,n_train,n_test
amoxicillin/clavulanic acid,0.7315436241610739,0.4174757281553398,0.6695861678004535,3574,894
ampicillin,0.7068181818181818,0.6993006993006993,0.7751579327215978,5276,1320
cefotaxime,0.8730277986476334,0.536986301369863,0.855384909601777,5322,1331
ceftazidime,0.8910958904109589,0.5015673981191222,0.8597943458892788,5836,1460
cefuroxime,0.8806451612903226,0.32727272727272727,0.7276890279607671,3720,930
ciprofloxacin,0.8127490039840638,0.5171232876712328,0.8145453484981043,6021,1506
gentamicin,0.8974526453298498,0.40304182509505704,0.7754532432985473,6124,1531
piperacillin/tazobactam,0.9502297090352221,0.5112781954887218,0.8361398071625344,5224,1306
trimethoprim/sulfamethoxazole,0.7437125748502994,0.5244444444444445,0.7006676652839657,3338,835
