antibiotic,accuracy,f1,roc_auc,n_train,n_test
amoxicillin/clavulanic acid,0.8378076062639821,0.7415329768270945,0.8992942176870747,3574,894
ampicillin,0.8287878787878787,0.8421787709497207,0.8921171888912841,5276,1320
cefotaxime,0.9346356123215628,0.8112798264642083,0.9775015814172441,5322,1331
ceftazidime,0.9513365318711446,0.8116710875331565,0.98336615808082,5835,1459
cefuroxime,0.9387096774193548,0.759493670886076,0.9028006514419559,3720,930
ciprofloxacin,0.8698539176626826,0.7336956521739131,0.9204047827354914,6020,1506
gentamicin,0.9111691704768126,0.5878787878787879,0.9129363617761408,6124,1531
piperacillin/tazobactam,0.9547892720306513,0.5986394557823129,0.9211426454370003,5220,1305
trimethoprim/sulfamethoxazole,0.7940119760479042,0.7084745762711865,0.8557286065447841,3338,835
