antibiotic,accuracy,f1,roc_auc,n_train,n_test
amoxicillin/clavulanic acid,0.7181208053691275,0.4349775784753363,0.6759098639455783,3574,894
ampicillin,0.7090909090909091,0.6981132075471698,0.7766552473966876,5276,1320
cefotaxime,0.7738542449286251,0.5669064748201439,0.8389988525530694,5322,1331
ceftazidime,0.7808219178082192,0.5107033639143731,0.8809638118024838,5836,1460
cefuroxime,0.6440860215053763,0.3742911153119093,0.7354843727126336,3720,930
ciprofloxacin,0.7337317397078353,0.5827263267429761,0.804705745115194,6021,1506
gentamicin,0.7158719790986283,0.37410071942446044,0.7546940863515449,6124,1531
piperacillin/tazobactam,0.6998468606431854,0.2924187725631769,0.8592889118457301,5224,1306
trimethoprim/sulfamethoxazole,0.7437125748502994,0.5504201680672269,0.6902077892149332,3338,835
