Antibiotic,percent_missing
trimethoprim/sulfamethoxazole,52.724594992636234
amoxicillin/clavulanic acid,49.3825761866999
cefuroxime,47.3207205165968
piperacillin/tazobactam,26.022431177070356
ampicillin,25.274725274725274
cefotaxime,24.628979268154527
ceftazidime,17.344511158944147
ciprofloxacin,14.727540500736378
gentamicin,13.277444205279258
